case_id,image,tumor_type,extra_info1,extra_info2
1,images/case1.png,B,custom information or annotation,custom information or annotation
2,images/case2.png,B,custom information or annotation,custom information or annotation
3,images/case3.png,B,custom information or annotation,custom information or annotation
4,images/case4.png,B,custom information or annotation,custom information or annotation
5,images/case5.png,B,custom information or annotation,custom information or annotation
6,images/case6.png,B,custom information or annotation,custom information or annotation
7,images/case7.png,B,,
8,images/case8.png,B,,
9,images/case9.png,B,,
10,images/case10.png,B,,
11,images/case11.png,B,,
12,images/case12.png,B,,
13,images/case13.png,B,,
14,images/case14.png,B,,
15,images/case15.png,B,,
16,images/case421.png,M,,
17,images/case422.png,M,,
18,images/case423.png,M,,
19,images/case424.png,M,,
20,images/case425.png,M,,
21,images/case426.png,M,,
22,images/case427.png,M,,
23,images/case428.png,M,,
24,images/case429.png,M,,
25,images/case430.png,M,,
26,images/case431.png,M,,
27,images/case432.png,M,,
28,images/case433.png,M,,
29,images/case434.png,M,,
30,images/case435.png,M,,